university_name	short_name	is_private	rank	rank_ind	census_region	missing	paid_leave_len_woman	paid_leave_len_woman_units	paid_leave_weeks_woman	relief_woman	paid_leave_len_man	paid_leave_len_man_units	paid_leave_weeks_man	relief_man	link	notes	date
Arizona State University	Arizona State	0	108.72	101	West	0	6	week	6	Not specified	6	week	6	Not specified	https://provost.asu.edu/academic-personnel/parental-leave	.	2/22/18
Auburn University	Auburn	0	126.69	122	South	0	0		0		0		0		https://cws.auburn.edu/shared/content/files/85/	FMLA	2/22/18
Boston University	Boston Univ.	1	51.73	44	Northeast	0	1	term	14	Other	1	term	14	Other	https://www.bu.edu/handbook/leaves-absences/faculty-personal-and-family-leave-policies/	"Full semester for either parent, relief is FULL relief from teaching and service. Additional support is extended to mothers recovering from childbirth (6wk) "	2/22/18
Brandeis University	Brandeis	1	84.55	78	Northeast	0	12	week	12	Not specified	12	week	12	Not specified	https://www.brandeis.edu/humanresources/documents/2012/fmla_policy_faculty%20.pdf	.	2/22/18
Brigham Young University	Brigham Young	1	166.53	180	West	1	NA		NA		NA		NA		Not publicly accessible	Staff leave is 6wk	2/22/18
Brown University	Brown	1	21.92	18	Northeast	0	1	term	16	Just teaching	1	term	16	Just teaching	https://www.brown.edu/about/administration/dean-of-faculty/handbook-academic-administration/chapter-13-leaves-absence	One semester but only relief from teaching. Other duties remain.	2/22/18
California Institute of Technology	CalTech	1	5.24	3	West	1	NA		NA		NA		NA		Not publicly accessible: https://provost.caltech.edu/documents/35-chapter_5.pdf	.	2/22/18
Carleton University	Carleton	0	101.73	93	Canada	0	12	week	12	Not specified	12	week	12	Not specified	https://carleton.ca/hr/wp-content/uploads/CUASA-2014-2017.pdf	12 weeks paid + 5 weeks with the Employer paying for benefit plan	2/22/18
Carnegie Mellon University	Carnegie Mellon	1	9.28	6	Northeast	0	1	term	16	Not specified	1	term	16	Not specified	https://www.cmu.edu/policies/faculty/faculty-parental-leave.html	"Statement seems to imply relief from all duties, but is unclear. A regular faculty member (tenure-track, teaching-track, librarian and archivist-track and research-track) who is the parent of a newborn child, or who has adopted a child of pre-school age, and who is the primary care giver of the child, is entitled to a one semester paid leave of absence. Teaching or other duties that would otherwise be carried out during the period of leave may not be shifted to other semesters against the wishes of the person taking such paid leave. Tenure-track faculty members without tenure who take a one-semester paid parental leave, may, at their discretion, exclude one year from current service for the purpose of determining the tenure decision deadline. Reappointment and promotion clocks may similarly be delayed by one year for all regular faculty taking one semester of paid parental leave."	2/22/18
Case Western Reserve University	Case Western Reserve	1	70.82	58	Midwest	0	16	week	16	All duties	16	week	16	All duties	http://case.edu/facultysenate/media/caseedu/faculty-senate/documents/by-laws/school-by-laws/Academic-Year-2017-2018-revJan2018.pdf	Up to 16 weeks	2/22/18
Catholic University of America	Catholic Univ. of America	1	151.04	158	South	0	0		0		0		0		http://policies.cua.edu/employment/compensation/familymedicalfull.cfm	Up to sixteen (16) weeks unpaid leave in any twenty-four (24)-month period	2/22/18
Claremont Graduate University	Claremont Graduate Univ.	1	150.95	157	West	0	1	term	16	Just teaching	1	term	16	Just teaching	https://cgu.policystat.com/policy/1429536/latest/	"75% pay supplemented by pregnancy disability where applicable. Alternatively, faculty can take a 1-course teaching reduction and receive 100% of their pay."	2/22/18
Clarkson University	Clarkson	1	137.31	135	Northeast	0	1	term	16	Not specified	1	term	16	Not specified	http://internal.clarkson.edu/hr/employee/pdf/om_pdf/om_sect8.pdf	S8.1.15. One semester with pay for primary caregiver (20+ working hours per week). 	2/22/18
Clemson University	Clemson	0	151.45	159	South	0	1	term	16	Other	1	term	16	Other	http://media.clemson.edu/humanres/policies_procedures/Faculty_FSAP.pdf	"Faculty will 'be given modified duties that are commensurate with existing salary and status.' Up until very recently they had no paid leave, and this is the compromise: giving faculty work they can do from home and avoid having to come in 5hrs/day. See also: http://www.thetigernews.com/news/faculty-senate-moves-on-parental-leave/article_081bcf48-e156-11e5-ac2b-572d705c24e0.html"	2/22/18
College of William and Mary	William and Mary	0	75.2	62	South	0	120	day	24	Not specified	120	day	24	Not specified	https://www.wm.edu/about/administration/provost/documents/facultyhandbook.pdf	"'available only when the faculty member is the person who primarily provides for the physical care of the family member, infant or newly-adopted child'"	2/22/18
Colorado School of Mines	Colorado School of Mines	1	169.65	184	West	0	6	week	6	Not specified	6	week	6	Not specified	https://inside.mines.edu/UserFiles/File/academicAffairs/Faculty%20Handbook/HB_5RightsPrivilegesBenefits.pdf	"'for the purpose of caring for and nurturing his or her newborn, newly adopted child, or a child placed in foster care as a pre-adoption requirement'"	2/22/18
Colorado State University	Colorado State	0	124.6	117	West	0	9	week	9	Not specified	3	week	3	Not specified	http://policylibrary.colostate.edu/policy.aspx?id=477	Birth mothers are eligible for an additional 6 weeks under short term disability	2/22/18
Columbia University	Columbia	1	22.53	19	Northeast	0	0		0		0		0		http://www.columbia.edu/cu/vpaa/docs/parent.html	"Mothers take usually 6-8 weeks of medical leave, has to be approved by a doctor"	2/22/18
"Concordia University, Montreal"	Concordia	0	138.05	139	Canada	0	20	week	20	Not specified	5	day	1	Not specified	https://www.concordia.ca/content/dam/common/docs/policies/official-policies/HR-23.pdf	Mothers paid at 93% of their usual salary.	2/22/18
Cornell University	Cornell	1	8.29	5	Northeast	0	1	term	16	Not specified	1	term	16	Not specified	https://www.dfa.cornell.edu/sites/default/files/vol6_2_1.pdf	"'If the academic is a primary or coequal care-giving parent for a newborn and is eligible under local guidelines, Cornell Academic Parental Leave during the same or contiguous semester offers up to one semester at full salary with partial relief from duties as agreed to with the dean, department chair, or other academic manager.' The mother can also use short term medical leave with pay and full relief."	2/22/18
CUNY Graduate Center	CUNY Grad. Center	0	70.04	57	Northeast	0	8	week	8	Not specified	8	week	8	Not specified	https://www.gc.cuny.edu/CUNY_GC/media/CUNY-Graduate-Center/PDF/HR/Policy/Paid-Parental-Leave.pdf?ext=.pdf	'must be taken immediately upon the birth or adoption of a child.'	2/22/18
Dalhousie University	Dalhousie	0	139.97	142	Canada	0	31	week	31	Not specified	31	week	31	Not specified	https://dfa.ns.ca/publications/collective-agreement-2014-2017/article-30-vacations-holidays-and-leaves/	Different policies for pregnancy and parental leaves. 17+14 additional weeks if person has been at the university for more than a year.	4/19/18
Dartmouth College	Dartmouth	1	37.9	32	Northeast	0	1	term	10	Just teaching	1	term	10	Just teaching	https://faculty.dartmouth.edu/dean/research-teaching-support/internal-awards-and-fellowships/tenured-and-tenure-track-faculty-funding-0	'A tenure-track faculty member who becomes the primary care-provider for one or more children under six years of age is entitled to parental leave at full compensation for one of the three residence terms. This leave entails a one-course reduction in teaching load within a one-year period of the arrival.' See also: https://offices.depaul.edu/human-resources/benefits/leave-of-absence/Pages/Maternity-Leave.aspx	2/22/18
DePaul University	DePaul	1	174.47	190	Midwest	0	8	week	8	Not specified	2	week	2	Not specified	https://offices.depaul.edu/human-resources/benefits/leave-of-absence/Pages/Parental-Leave.aspx	"2wk parental leave, birthmother can apply for 6-8wk of paid short-term disability."	2/22/18
Drexel University	Drexel	1	127.37	123	Northeast	0	0		0		0		0		http://drexel.edu/hr/resources/policies/dupolicies/hr33/	'Drexel complies fully with the Federal Family and Medical Leave Act (FMLA)'	2/22/18
Duke University	Duke	1	30.5	29	South	0	1	term	17	Not specified	1	term	17	Not specified	https://provost.duke.edu/sites/all/files/FHB_Chap_4.pdf	"'must indicate in writing to the dean and/or provost his/her clear understanding, after affirmation of the requestor, that the parent requesting parental leave will be the primary caregiver to the child, where primary caregiver is defined as the individual who has primary responsibility for the care of the child immediately following the birth or the coming of the child into the custody, care and control of the parent for the first time.'"	2/22/18
Florida Atlantic University	Florida Atlantic	0	131.2	129	South	0	1	term	16	Not specified	1	term	16	Not specified	http://www.fau.edu/provost/faculty/files/facultyhandbook_2016.pdf	'paid parental leave for a period of one regular (Fall or Spring) semester no more than once every three years during his or her employment with the University'	2/22/18
Florida Institute of Technology	Florida Inst. of Tech.	1	180.75	197	South	0	0		0		0		0		https://policy.fit.edu/policy/search/2834	FMLA	2/22/18
Florida International University	Florida International	0	146.92	154	South	0	1	term	15	Not specified	1	term	15	Not specified	https://facultycareers.fiu.edu/cba/	'granted a parental leave at full pay during Fall or Spring semester'	2/22/18
Florida State University	Florida State	0	74.98	61	South	0	1	term	16	Not specified	1	term	16	Not specified	http://fda.fsu.edu/faculty-employment/faculty-leave/parental-leave-FAQ	Policy may only be used ONCE.	2/22/18
George Mason University	George Mason	0	97.34	87	South	0	1	term	16	Not specified	1	term	16	Not specified	https://universitypolicy.gmu.edu/policies/parental-leave-for-instructional-9-month-faculty/	"During the Parental Leave period(s) the faculty member is eligible for full pay and benefits but with a Work Relief Combination.  The Work Relief Combination can be taken 100% in one semester, 50% in two semesters or some other Work Relief Combination that makes sense for the faculty member and the department."	2/22/18
George Washington University	George Washington Univ.	1	87.19	80	South	0	1	term	14	Other	1	term	14	Other	https://academicplanning.gwu.edu/sites/academicplanning.gwu.edu/files/downloads/GW_Faculty_Handbook_04.2015.pdf	"Relief from teaching+service, expected to continue mentoring students. "	2/22/18
Georgia State University	Georgia State	0	169.71	185	South	0	0		0		0		0		http://managers.hr.gsu.edu/index.php?gf-download=2017%2F07%2FEmployeeHandbook_072017.pdf&form-id=1&field-id=3&hash=6bf4605f2d57b6fe230bdc75d3ab36f867d2e2af3f4e09a8bee0cad3b8bcc78b	FMLA	2/22/18
Georgia Tech	Georgia Tech	0	39.69	36	South	0	0		0		0		0		http://www.policylibrary.gatech.edu/employment/family-leave	FMLA. Have to use up paid sick leave before unpaid leave kicks in.	2/22/18
Harvard University	Harvard	1	6.12	4	Northeast	0	8	week	8	Not specified	0		0		https://academic-appointments.fas.harvard.edu/g-other-leaves-family-maternity-parental-medical-and-personal-leaves	"Primary care giver can apply for teaching relief, but only birth mothers have paid leave."	2/22/18
Illinois Institute of Technology	Illinois Inst. of Tech.	1	117.72	111	Midwest	0	1	term	16	Other	1	term	16	Other	https://web.iit.edu/sites/web/files/departments/general-counsel/faculty_handbook/faculty_family_policy.pdf	"Have to have been around for three years prior. Relief: 'A faculty member on a childbearing, adoption or childrearing leave will not be required to teach or to fulfill such other University service responsibilities as membership on committees; however, he or she is expected to retain responsibility for (i) the submission of grant proposals and (ii) any necessary supervision of students pursuing such work as undergraduate senior research or project courses and masters or doctoral research.'"	2/22/18
Indiana University	Indiana	0	116.75	110	Midwest	0	12	week	12	All duties	12	week	12	All duties	https://policies.iu.edu/policies/aca-50-paid-family-leave-academic-appointees/index.html	General plan for family leave.	2/22/18
Iowa State University	Iowa State	0	92.45	84	Midwest	0	0		0		0		0		http://www.provost.iastate.edu/sites/default/files/uploads/faculty%20resources/policies/Faculty%20Handbook%20-%20January%202016%20-%20final.pdf	"If sick leave is insufficient, faculty must take an unpaid leave of absence."	2/22/18
Johns Hopkins University	Johns Hopkins	1	26.3	23	South	0	10	week	10	Not specified	4	week	4	Not specified	https://www.jhu.edu/assets/uploads/2017/06/familyleavefornewparents.pdf	"Everyone gets 4wk, birth mothers get additional 6wk"	2/22/18
Kansas State University	Kansas State	0	109.31	102	Midwest	0	0		0		0		0		https://www.k-state.edu/policies/ppm/4800/4860.html	FMLA	2/22/18
Kent State University	Kent State	0	171.68	187	Midwest	0	6	week	6	Not specified	6	week	6	Not specified	https://www.kent.edu/policyreg/administrative-policy-regarding-paid-parental-leave-staff-who-are-not-recognized	Faculty can convert up to six additional weeks of accumulated sick leave to extend the policy.	2/22/18
Lehigh University	Lehigh	1	76.47	63	Northeast	0	12	week	12	All duties	12	week	12	All duties	http://www.lehigh.edu/~inprv/faculty/parenthood.html	.	2/24/18
Long Island University	Long Island	1	168.42	181	Northeast	0	0	week	0		0	week	0		http://www.liu.edu/Human-Resources/Human-Resources-Policies/Family-Medical-Leave-Act-Policy	FMLA	2/24/18
Louisiana State University	Louisiana State	0	102.17	96	South	0	0	week	0		0	week	0		http://www.lsu.edu/hrm/pdfs/PS-12_Leave_Guideline.pdf	Though this policy is expected to change: http://www.lsunow.com/daily/faculty-pursuing-creation-of-paid-parental-leave-policy/article_ca94b066-73ab-11e6-9eec-abde717b5633.html	2/27/18
McGill University	McGill	0	69.84	56	Canada	0	31	week	31	Not specified	12	week	12	Not specified	https://www.mcgill.ca/apo/academic-staff/procedures/maternity-parental	"Policy does not mention relief type; For men and women their 'extended parental leave' allows for 11 weeks paid, plus more unpaid"	2/24/18
McMaster University	McMaster	0	84.01	77	Canada	0	30	week	30	All duties	19	week	19	All duties	http://www.mcmaster.ca/policy/faculty/Appointments/SPS_C4-Pregnancy-Parental-Leave-Faculty-MUFA-Librarians.pdf	.	2/24/18
Memorial University of Newfoundland	Memorial Univ.	0	173.29	188	Canada	0	17	week	17	Not specified	15	week	15	Not specified	http://www.mun.ca/munfa/CA2014-2017.pdf	S22.49, page 79 of collective agreement.	4/19/18
Michigan State University	Michigan State	0	66.24	53	Midwest	0	12	week	12	Not specified	6	week	6	Not specified	https://www.lbc.msu.edu/faculty_staff/leave-matrix-11-25-2013-AcadStaff-FTFac.pdf	6 weeks paid pregnancy leave under 'Short Term Disability Leave' for women; 6 weeks parental leave to be split among partners if both employed at the university; https://www.hr.msu.edu/policies-procedures/faculty-academic-staff/faculty-handbook/parental_leave.html	2/24/18
Michigan Technological University	Michigan Tech	0	156.45	168	Midwest	0	1	term	15	Just teaching	1	term	15	All duties	https://www.mtu.edu/hr/current/benefits/docs/parental-leave.pdf	Policy specifies 'primarycaregiver'	2/24/18
Mississippi State University	Mississippi State	0	146.44	152	South	0	8	week	8	Not specified	0	week	0		http://www.provost.msstate.edu/pdf/parental.pdf	"'For female faculty on nine-month appointments, use of major medical leave following the birth of a child is allowed for the period of medical disability ... This period is normally six to eight weeks.'"	2/27/18
Missouri University of Science and Technology	Missouri Univ. of S&T	0	113.87	108	Midwest	0	1	term	16	Just teaching	1	term	16	Just teaching	https://www.umsystem.edu/ums/rules/collected_rules/personnel/ch340/340.070_faculty_leave	"Full paid leave is 12 weeks, but since the semester is 16 weeks, teaching duties won't resume till the next term."	2/27/18
MIT	MIT	1	3.52	2	Northeast	0	1	term	15	Just teaching	1	term	15	Just teaching	https://policies-procedures.mit.edu/node/56/#sub3	'... released from teaching and administrative duties for one semester at full pay'	2/27/18
Montana State University	Montana State	0	157.66	170	West	0	0	week	0		0	week	0		http://www.montana.edu/hr/family_resources/leaves_policies.html	Employees may tap into sick leave and/or FMLA; More details here: http://www.montana.edu/hr/family_resources/options_faculty.html	2/25/18
Naval Postgraduate School	Naval Postgraduate	0	142.23	147	West	0	0	week	0		0	week	0		https://my.nps.edu/web/hro/absence-leave	FMLA	2/25/18
New Jersey Institute of Technology	NJIT	0	120.85	114	Northeast	0	0	week	0		0	week	0		https://www.njit.edu/policies/sites/policies/files/lcms/pdf/Family_Leave_Policy.pdf	"'Faculty Leave is, of itself, an unpaid leave'"	2/27/18
New Mexico Institute of Mining and Technology	New Mexico Inst. of M&T	0	182.28	201	West	0	0	week	0		0	week	0		http://www.nmt.edu/policies/docs/hr/Employee_Handbook_FINAL_5_7_15.pdf	FMLA	2/27/18
New Mexico State University	New Mexico State	0	137.49	136	West	0	20	week	20	All duties	20	week	20	All duties	https://hr.nmsu.edu/academicpersonnel/wp-content/uploads/sites/8/2011/09/Faculty-care-leave.pdf	'Faculty members on FMLA or Faculty Care Leave cannot be asked to perform any work while on leave.'; 'Faculty Care Leave accrual will be capped at 800 hours' - 20 weeks	3/2/18
New York University	NYU	1	18.23	15	Northeast	0	6	week	6	All duties	0		0	Not specified	https://www.nyu.edu/faculty/governance-policies-and-procedures/faculty-handbook/the-faculty/other-faculty-policies/leave-of-absence.html	"The salary of a Tenured/Tenure Track Faculty or a Full-Time Continuing Contract Faculty member may be continued for up to six months at the discretion of the dean, for absence caused by illness or disability,
subject to approval by the Office of the Provost.

Legally, an absence caused by inability to work because of pregnancy, childbirth, or related medical conditions must be treated at least as favorably as an absence caused by illness or disability for all employment-related purposes. At the time a faculty member gives birth, she is entitled to an aggregate of six consecutive weeks of paid maternity leave preceding and following the date of birth.""

""In order to provide relief to eligible full-time faculty members faced with the additional demands of being the primary care-giver to a newborn child, newly adopted child, new foster care or guardianship placement, or newly-established legal custodial care, New York UniversityÕs workload relief policy grants one semester of workload relief from classroom teaching and administrative committee work or two semesters of half relief from such duties, based on the individualÕs normal yearly workload, at full salary. Workload relief is not considered a leave as faculty members are expected to make themselves
available to the extent reasonable and practicable for their customary responsibilities of research, student consultation, and advising.  See also: See also https://www.nyu.edu/about/policies-guidelines-compliance/policies-and-guidelines/bonding-leave.html"	2/26/18
North Carolina State University	North Carolina State	0	81.9	73	South	0	8	week	8	Just teaching	8	week	8	Just teaching	https://policies.ncsu.edu/policy/pol-05-30-01/	.	2/27/18
North Dakota State University	North Dakota State	0	176.03	191	Midwest	0	6	week	6	All duties	6	week	6	All duties	https://www.ndsu.edu/fileadmin/policy/320.pdf	.	2/27/18
Northeastern University	Northeastern	1	163.79	174	Northeast	0	1	term	15	Just teaching	1	term	15	Just teaching	https://www.northeastern.edu/policies/pdfs/Policy_on_Parental_Teaching_Relief_for_Tenured_and_Tenure_Track_Faculty.pdf	.	2/27/18
Northwestern University	Northwestern	1	44.47	41	Midwest	0	1	term	10	Just teaching	1	term	10	Just teaching	http://www.northwestern.edu/provost/policies/faculty-leaves/fac-family-leave.html	"'Faculty members on childbearing, adoption, and childrearing leave will not be required to fulfill such University service responsibilities as membership on committees; however, they are expected to retain responsibility for any necessary supervision to students pursuing such work as undergraduate senior honors, masters, or doctoral research.'"	2/25/18
Nova Southeastern University	Nova Southeastern	1	178.55	192	South	1	NA		NA		NA		NA		http://www.nova.edu/academic-affairs/academic-policies.html	Not publicly accesible	2/27/18
Oakland University (Michigan)	Oakland Univ.	0	134.48	133	Midwest	0	0	week	0		0	week	0		https://oaklandpostonline.com/13968/campus/what-to-expect-when-youre-expecting-a-faculty-dilemma/	FMLA	3/2/18
Ohio State University	Ohio State	0	42.17	40	Midwest	0	6	week	6	Not specified	3	week	3	Not specified	https://hr.osu.edu/wp-content/uploads/parental-care-guidebook.pdf	.	2/25/18
Ohio University	Ohio Univ.	0	150.08	156	Midwest	0	6	week	6	Not specified	6	week	6	Not specified	https://www.ohio.edu/hr/benefits/parentalleave/	"6 weeks paid, addiitonal time available under FMLA"	2/25/18
Oklahoma State University	Oklahoma State	0	151.76	161	South	0	0	week	0		0	week	0		https://stw.sp.okstate.edu/policies/Shared%20Documents/Faculty%20Sick%20Leave.pdf	FMLA. See also: https://academicaffairs.okstate.edu/sites/default/files/Faculty%20Handbook%20Modified.pdf	2/27/18
Old Dominion University	Old Dominion	0	142.05	145	South	0	0	week	0		0	week	0		https://www.odu.edu/content/odu/about/policiesandprocedures/university/6000/6050.html	FMLA	2/27/18
Oregon Health and Science University	Oregon H&S Univ.	0	108.71	100	West	0	0	week	0		0	week	0		http://www.ohsu.edu/xd/about/services/human-resources/working-at-ohsu/employee-benefits/time-off.cfm	Can't find any information beyond using sick leave	2/27/18
Oregon State University	Oregon State	0	127.72	124	West	0	1.5	week	1.5	Not specified	1.5	week	1.5	Not specified	http://policy.oregonstate.edu/UPSM/05-035_paid_parental_leave	.	2/25/18
Pace University	Pace Univ.	1	182.16	200	Northeast	0	1	term	15	Just teaching	1	term	15	Just teaching	http://www.pace.edu/human-resources/compensation-benefits/full-time-faculty-staff/work-life/leaves#facultyParentalLeavePolicy	'Primary caregiver'	2/27/18
Pennsylvania State University	Penn State	0	41.22	39	Northeast	0	1	term	17	Just teaching	2	week	2	All duties	https://policy.psu.edu/policies/hrg18	"Policy says 'faculty member is relieved of all responsibilities', but there is a section for 'Release from Teaching Responsibilities'. Women get 6 weeks paid parental leave + a full semester of teaching relief. Men get 2 weeks of paid parental leav."	2/25/18
Polytechnic Institute of NYU	Polytech Inst. of NY	1	87.42	81	Northeast	0	6	week	6	Not specified	6	week	6	Not specified	https://www.nyu.edu/about/policies-guidelines-compliance/policies-and-guidelines/bonding-leave.html	Coding the same as NYU	2/25/18
Portland State University	Portland State	0	113.61	106	West	0	0	week	0		0	week	0		https://www.pdx.edu/hr/pregnancyparental-leave	FMLA	2/17/18
Princeton University	Princeton	1	9.32	7	Northeast	0	1	term	15	Just teaching	1	term	15	Just teaching	https://dof.princeton.edu/working-princeton/benefits/paid-parental-leave-for-academic-professionals	"'Work Relief for New Parents' says parents can get a semester of teaching relief, but the 'Paid Parental Leave Policy' only allows for two weeks paid leave. See also: https://dof.princeton.edu/working-princeton/benefits/paid-leave-childbearing-for-faculty; https://dof.princeton.edu/working-princeton/benefits/workload-relief-new-parents-for-faculty"	2/25/18
Purdue University	Purdue	0	38.27	34	Midwest	0	6	week	6	Not specified	6	week	6	Not specified	http://www.purdue.edu/policies/human-resources/vie3.html#who	"'An Eligible Employee who is the birth or adoptive parent of a newborn or newly adopted child may receive up to 240 hours of Paid Parental Leave for recovery from childbirth and/or to bond with the newborn or newly adopted child.' Recorded as weeks, according to a 40 hour work week"	2/25/18
Queens University	Queens Univ.	0	101.86	94	Canada	0	35	week	35	Not specified	15	week	15	Not specified	http://www.queensu.ca/humanresources/policies/time-away/maternityparental-leaves/parental-supported	Policy seems to indicate that maternity and parental leaves can be combined for an eligible woman. See also: http://www.queensu.ca/humanresources/policies/time-away/maternityparental-leaves/maternity-supported	2/27/18
Rensselaer Polytechnic Institute	RPI	1	79.68	69	Northeast	0	1	term	16	Just teaching	1	term	16	Just teaching	http://www.rpi.edu/dept/facsen/Faculty_Handbook_August2016.pdf	'... they may elect to take an additional semester of teaching relief at half pay for parental leave'	2/25/18
Rice University	Rice	1	16.44	13	South	0	1	term	16	All duties	1	term	16	All duties	http://professor.rice.edu/Standard.aspx?id=696	.	2/24/18
Rochester Institute of Technology	RIT	1	181.68	199	Northeast	0	4	week	4	Not specified	2	week	2	Not specified	https://www.rit.edu/fa/humanresources/content/new-parent-leave	'Primary caregiver' vs 'Secondary caregiver'	2/24/18
Rutgers University	Rutgers	0	40.46	37	Northeast	0	14	week	14	Not specified	8	week	8	Not specified	http://www.rutgersaaup.org/documents/know-your-contract-series-paid-family-leave	.	2/24/18
Santa Clara University	Santa Clara	1	153.65	164	West	0	24	week	24	Not specified	12	week	12	Not specified	https://santaclarauniv.a.guidespark.com/videos/32671	Interesting. SCU uses payment from sick leave and supplements this with their own payment to reach equalivalent pay during the leave of absence. https://www.scu.edu/media/offices/human-resources/documents/benefits/Faculty-Parental-Leave-Final.pdf; https://www.scu.edu/media/offices/human-resources/documents/benefits/Faculty-Maternity-Timeline.pdf	2/24/18
Simon Fraser University	Simon Fraser	0	78.97	65	Canada	0	35	week	35	All duties	18	week	18	All duties	https://www.sfu.ca/policies/gazette/academic/a31-05.html	"Called 'paid leave' for both. Receive 95% salary. Can then opt to extend to 50 weeks with the difference being unpaid. Must work for 1 year after returning, or repay the salary benefit."	2/24/18
"Southern Illinois University, Carbondale"	Souther Illinois	0	148.23	155	Midwest	0	0	week	0	All duties	0	week	0	Not specified	http://policies.siu.edu/personnel-policies/chapter6/leavefap.php	"Mothers may take up to 6 weeks of sick leave (from their accured sick leave days), otherwise FMLA and both parents can use accrued vacation time (maximum 50-56 days)."	2/24/18
Southern Methodist University	Southern Methodist	1	80.22	70	South	0	6	week	6	All duties	0	week	0	Not specified	https://www.smu.edu/BusinessFinance/HR/BenefitsAndWellness/HealthAndOtherBenefits/Leave-of-Absence-FMLA	"Mothers get 6 weeks paid leave for natural / 8 weeks for C-section birth. Unclear if this is staff only or faculty too; faculty handbook behind a login wall. Otherwise, FMLA"	2/24/18
Stanford University	Stanford	1	2.23	0	West	0	1	term	10	All duties	1	term	10	Just teaching	https://facultyhandbook.stanford.edu/handbooks/faculty-handbook/chapter-3/subchapter-5/page-3-5-1	"Mothers can apply for 4 months 'maternal disability' leave (paid), and both parents can request a teaching release for 1 term. See also: https://facultyhandbook.stanford.edu/handbooks/faculty-handbook/chapter-3/subchapter-5/page-3-5-5"	2/24/18
"State University of New York, Albany"	SUNY Albany	0	110.18	103	Northeast	0	0	week	0	Not specified	0	week	0	Not specified	https://www.albany.edu/hr/maternity.php	"Mothers can use accrued (paid) sick leave to cover up to 6 weeks for natural / 8 weeks for C-section birth. Otherwise, vacation days and FMLA"	2/24/18
"State University of New York, Binghamton"	SUNY Binghamton	0	124.35	116	Northeast	0	0	week	0	Not specified	0	week	0	Not specified	https://www.binghamton.edu/human-resources/leaves/leaves-childcare-general-parameters.html	"Mothers can use accrued (paid) sick leave to cover up to 6 weeks for natural / 8 weeks for C-section birth. Otherwise, vacation days and FMLA"	2/24/18
"State University of New York, Buffalo"	SUNY Buffalo	0	82.16	74	Northeast	0	0	week	0	Not specified	0	week	0	Not specified	http://www.buffalo.edu/administrative-services/for-faculty-staff/time-attendance/leave.html	"Mothers can use accrued (paid) sick leave to cover up to 6 weeks for natural / 8 weeks for C-section birth. Otherwise, vacation days. Allows unpaid 'child rearing leave' for up to 7 months."	2/24/18
"State University of New York, Stony Brook"	SUNY Stony Brook	0	36.01	30	Northeast	0	0	week	0	Not specified	0	week	0	Not specified	https://www.stonybrook.edu/hr/misc/ul/state/facpro_childcare.shtml	"Mothers can use accrued (paid) sick leave to cover up to 6 weeks for natural / 8 weeks for C-section birth. Otherwise, vacation days and FMLA"	2/24/18
Stevens Institute of Technology	Stevens Inst. of Tech.	1	82.4	75	Northeast	0	6	week	6	All duties	2	week	2	All duties	https://www.stevens.edu/sites/stevens_edu/files/files/hr/compliance/PTO_Policy_Highlights_20161001-Maternity-Parental.pdf	.	2/24/18
Syracuse University	Syracuse	0	56.74	47	Northeast	0	1	term	16	Just teaching	1	term	16	Just teaching	https://policies.syr.edu/policies/faculty-teaching-and-research/leave-faculty-parental/	"Mothers can get 6-8 weeks paid leave, or 1 term of teaching relief (if their postpartum 'disability' extends 4 weeks into a term); Mothers/fathers who are 'primary caregivers' can request a 'reduction of work load by 50% (including one course relief), or half a semester without formal duties'"	2/24/18
Temple University	Temple	0	156.16	166	Northeast	0	8	week	8	All duties	8	week	8	All duties	https://www.temple.edu/hr/faculty/family_friendly_policies.htm	"Parents (either gender) are eligible for 6-8 weeks of paid sick leave (6 for natural birth, 8 for c-section), with remaining time up to 12 weeks unpaid under FMLA. (Confirmed with Temple Benefits office by phone.)"	2/28/18
Texas A&M	Texas A&M	0	63.14	51	South	0	0	week	0	Not specified	0	week	0	Not specified	https://employees.tamu.edu/benefits/leave/parental/	"Mothers can use accrued (paid) sick or vacation leave to cover up to the 12 weeks allowed under FMLA; Father have same benefit, but require approval to take more than 3 days of leave"	2/28/18
Texas Tech University	Texas Tech	0	164.46	177	South	0	0	week	0	Not specified	0	week	0	Not specified	https://www.depts.ttu.edu/hr/EmpBenefits/Leave/Index.php	"FMLA only, and taking it requires spending all available accrued sick and vacation leave"	2/28/18
Toyota Technological Institute at Chicago	Toyota Tech. Inst. at Chicago	1	126.16	121	Midwest	0	1	term	16	All duties	1	term	16	All duties	http://www.ttic.edu/dl/faculty_handbook.pdf	"(page 50) 1 quarter of paid leave (all duties); if both parents are faculty, they must split the 1 term, and not take it concurrently"	2/28/18
Tufts University	Tufts	1	146.5	153	Northeast	0	2	week	2	All duties	2	week	2	All duties	http://ase.tufts.edu/faculty/handbook/leave/definitionOfTerms.htm#parentalLeave	"Parents (either gender) are eligible for 6-8 weeks of paid sick leave (6 for natural birth, 8 for c-section), with remaining time up to 12 weeks unpaid under FMLA. (Confirmed with Temple Benefits office by phone.)"	2/28/18
UC Berkeley	UC Berkeley	0	2.31	1	West	0	2	term	32	Just teaching	1	term	16	Just teaching	http://ucop.edu/academic-personnel-programs/_files/apm/apm-760.pdf	"(Chart I) Mothers: 6 weeks paid childbearing leave, extensible to 4 months unpaid leave; Fathers: FMLA and sick/vacation time; Both can opt for duty modifications (teaching relief, full pay) for remaing time in 1 semester (father) or 2 semesters (mother) if they certify they are primary care giver (>50% effort)"	2/28/18
UC Davis	UC Davis	0	61.39	50	West	0	2	term	22	Just teaching	1	term	11	Just teaching	http://ucop.edu/academic-personnel-programs/_files/apm/apm-760.pdf	"(Chart I) Mothers: 6 weeks paid childbearing leave, extensible to 4 months unpaid leave; Fathers: FMLA and sick/vacation time; Both can opt for duty modifications (teaching relief, full pay) for remaing time in 1 semester (father) or 2 semesters (mother) if they certify they are primary care giver (>50% effort)"	2/28/18
UC Irvine	UC Irvine	0	37.36	31	West	0	2	term	22	Just teaching	1	term	11	Just teaching	http://ucop.edu/academic-personnel-programs/_files/apm/apm-760.pdf	"(Chart I) Mothers: 6 weeks paid childbearing leave, extensible to 4 months unpaid leave; Fathers: FMLA and sick/vacation time; Both can opt for duty modifications (teaching relief, full pay) for remaing time in 1 semester (father) or 2 semesters (mother) if they certify they are primary care giver (>50% effort)"	2/28/18
UC Riverside	UC Riverside	0	71.14	59	West	0	2	term	20	Just teaching	1	term	10	Just teaching	http://ucop.edu/academic-personnel-programs/_files/apm/apm-760.pdf	"(Chart I) Mothers: 6 weeks paid childbearing leave, extensible to 4 months unpaid leave; Fathers: FMLA and sick/vacation time; Both can opt for duty modifications (teaching relief, full pay) for remaing time in 1 semester (father) or 2 semesters (mother) if they certify they are primary care giver (>50% effort)"	2/28/18
UC San Diego	UC San Diego	0	27.93	25	West	0	2	term	22	Just teaching	1	term	11	Just teaching	http://ucop.edu/academic-personnel-programs/_files/apm/apm-760.pdf	"(Chart I) Mothers: 6 weeks paid childbearing leave, extensible to 4 months unpaid leave; Fathers: FMLA and sick/vacation time; Both can opt for duty modifications (teaching relief, full pay) for remaing time in 1 semester (father) or 2 semesters (mother) if they certify they are primary care giver (>50% effort)"	2/28/18
UC Santa Barbara	UC Santa Barbara	0	56.76	48	West	0	2	term	20	Just teaching	1	term	10	Just teaching	http://ucop.edu/academic-personnel-programs/_files/apm/apm-760.pdf	"(Chart I) Mothers: 6 weeks paid childbearing leave, extensible to 4 months unpaid leave; Fathers: FMLA and sick/vacation time; Both can opt for duty modifications (teaching relief, full pay) for remaing time in 1 semester (father) or 2 semesters (mother) if they certify they are primary care giver (>50% effort)"	2/28/18
UC Santa Cruz	UC Santa Cruz	0	79.49	68	West	0	2	term	20	Just teaching	1	term	10	Just teaching	http://ucop.edu/academic-personnel-programs/_files/apm/apm-760.pdf	"(Chart I) Mothers: 6 weeks paid childbearing leave, extensible to 4 months unpaid leave; Fathers: FMLA and sick/vacation time; Both can opt for duty modifications (teaching relief, full pay) for remaing time in 1 semester (father) or 2 semesters (mother) if they certify they are primary care giver (>50% effort)"	2/28/18
UCLA	UCLA	0	17.82	14	West	0	2	term	22	Just teaching	1	term	11	Just teaching	http://ucop.edu/academic-personnel-programs/_files/apm/apm-760.pdf	"(Chart I) Mothers: 6 weeks paid childbearing leave, extensible to 4 months unpaid leave; Fathers: FMLA and sick/vacation time; Both can opt for duty modifications (teaching relief, full pay) for remaing time in 1 semester (father) or 2 semesters (mother) if they certify they are primary care giver (>50% effort)"	2/28/18
"University of Alabama, Birmingham"	"Alabama, Birmingham"	0	153.44	163	South	0	4	week	4	Not specified	4	week	4	Not specified	http://www.uab.edu/policies/content/Pages/UAB-HR-POL-0000776.aspx		3/13/18
"University of Alabama, Huntsville"	"Alabama, Huntsville"	0	163.89	175	South	0	0		0		0		0		https://www.uah.edu/images/administrative/human-resources/staff_handbook_final_rev_121516.pdf	The University does not have a separate âmaternity leaveâ policy. Leave is taken from sick/vaction time.	3/13/18
"University of Alabama, Tuscaloosa"	"Alabama, Tuscaloosa"	0	186.81	203	South	0	8	week	8	Not specified	0		0		http://hr.ua.edu/work-life-resources/leave-policies	Maternity leave only	3/13/18
University of Alberta	Alberta	0	86.24	79	Canada	0	15	week	15	Not specified	10	week	10	Not specified	http://www.hrs.ualberta.ca/en/Benefits/MedicalOtherLeaves/MaternityParentalLeave/~/media/hrs/Benefits/MedicalOtherLeaves/ChildbirthTipsheetRegContStaff.pdf	Paid at 95% full-time rate	3/13/18
University of Arizona	Arizona	0	40.57	38	West	0	6	week	6	Not specified	6	week	6	Not specified	http://policy.arizona.edu/human-resources/parental-leave-policy	Leave can be extended by using other forms of paid leave.	3/13/18
"University of Arkansas, Fayetteville"	"Arkansas, Fayetteville"	0	178.7	193	South	0	0		0		0		0		https://hr.uark.edu/working/handbook/7-paid-unpaid-leave/7-7.php	"Treated as any other unpaid leave, except employee is not required to exhaust paid leave."	3/13/18
"University of Arkansas, Little Rock"	"Arkansas, Little Rock"	0	181.14	198	South	0	0		0		0		0		http://ualr.edu/humanresources/family-and-medical-leave-act-fmla/	FMLA	3/13/18
University of Bridgeport	Bridgeport	1	178.73	194	Northeast	1	NA		NA		NA		NA		Not publicly accessible	Could not find publicly-accessible documentation of the policy	3/13/18
University of British Columbia	British Columbia	0	51.75	45	Canada	0	26	week	26	Not specified	10	week	10	Not specified	http://www.hr.ubc.ca/wellbeing-benefits/benefits/details/vacation-leaves/maternity-parental-adoptive-leave/maternity-parental-and-adoption-leave-for-academic-executives-academic-exec-faculty-postdoctoral-fellows-employees/	Specifies leave for birth mothers, birth fathers, and adopting parents. Postdoctoral fellows are also eligible.	4/18/18
University of Calgary	Calgary	0	100.27	90	Canada	0	18	week	18	Not specified	20	day	4	Not specified	http://www.ucalgary.ca/hr/files/hr/tucfa-collective-agreement.pdf	Paid leave for adoption is also 18 weeks but does not indicate differences by gender.	3/13/18
University of Central Florida	Central Florida	0	81.51	71	South	0	1	term	16	All duties	1	term	16	All duties	https://facultyexcellence.ucf.edu/paid-parental-leave/	"'When on full leave of absence, a faculty member shall not participate in any UCF teaching, research or service. The faculty member is expected to be devoting themselves full time to their new parenthood.'"	3/13/18
University of Chicago	Chicago	1	18.82	16	Midwest	0	1	term	12	Just teaching	1	term	12	Just teaching	https://provost.uchicago.edu/handbook/clause/parental-leave-faculty	"Primary caregiver status required for men to use the policy. Paid leave for one quarter, and teaching reduction for 1 course (if 3-5/yr) or 2 courses (if 6+/yr)."	3/13/18
University of Cincinnati	Cincinatti	0	79.33	66	Midwest	0	6	week	6	All duties	6	week	6	All duties	http://www.uc.edu/news/NR.aspx?id=21071	Relieved from teaching duties for the whole term.	3/13/18
"University of Colorado, Boulder"	"Colorado, Boulder"	0	68.17	55	West	0	18	week	18	Not specified	18	week	18	Not specified	https://www.cu.edu/ope/aps/5019	"Faculty utilize all sick leave, drop down to 50% pay after"	3/13/18
"University of Colorado, Colorado Springs"	"Colorado, Colorado Springs"	0	169.16	183	West	0	18	week	18	Not specified	18	week	18	Not specified	https://www.cu.edu/ope/aps/5019	"Faculty utilize all sick leave, drop down to 50% pay after"	3/13/18
"University of Colorado, Denver"	"Colorado, Denver"	0	125.51	118	West	0	18	week	18	Not specified	18	week	18	Not specified	https://www.cu.edu/ope/aps/5019	"Faculty utilize all sick leave, drop down to 50% pay after"	3/13/18
University of Connecticut	Connecticut	0	108.32	99	Northeast	0	6	month	1.5	Not specified	6	month	1.5	Not specified	https://hr.uconn.edu/2015/05/26/faculty-medical-leave-guidelines/	Six months is the minimum paid leave. Leave length increases with time spent at university.	3/13/18
University of Delaware	Delaware	0	87.66	83	South	0	0		0		0		0		https://sites.udel.edu/generalcounsel/policies/parental-leave/	FMLA. Paid disability leave is available.	3/13/18
University of Denver	Denver	1	133.81	131	West	0	1	term	10	Not specified	1	term	10	Not specified	https://www.du.edu/human-resources/employee-support/leaves.html		3/13/18
University of Florida	Florida	0	94.94	86	South	0	0		0		0		0		http://www.hr.ufl.edu/benefits-rewards/wp-content/uploads/forms/parental_info_procedure.pdf	6 advanced weeks borrowed from sick or vacation leave.	3/13/18
University of Georgia	Georgia	0	145.66	151	South	0	0		0		0		0		http://policies.uga.edu/Human-Resources/Time-away-from-work/Sick-Leave/Maternity-Leave/	"Mother can apply for paid/unpaid time off for recovery, no specific policy beyond FMLA, though."	3/13/18
"University of Hawaii, Manoa"	Hawaii	0	154.88	165	West	0	0		0		0		0		https://manoa.hawaii.edu/ovcaa/faculty/leaves/pdf/bor_uhpa_contract.pdf	Faculty have the right to unpaid leave	3/13/18
University of Houston	Houston	0	64.97	52	South	0	0		0		0		0		http://www.uh.edu/af/universityservices/policies/mapp/02/020201.pdf	"FMLA, must use paid leave first"	3/13/18
"University of Idaho, Moscow"	Idaho	0	164.22	176	West	0	0		0		0		0		https://www.uidaho.edu/human-resources/benefits/time-away-from-work/family-and-medical-leave	FMLA	3/13/18
"University of Illinois, Chicago"	"Illinois, Chicago"	0	79.33	67	Midwest	0	2	week	2	Not specified	2	week	2	Not specified	https://www.hr.uillinois.edu/cms/One.aspx?portalId=4292&pageId=5628	Employees who resign employment before or at the expiration of the parental leave normally shall be required to reimburse the University for the cost of wages paid during the leave.	3/13/18
"University of Illinois, Urbana Champaign"	"Illinois, Urbana-Champaign"	0	13.43	10	Midwest	0	2	week	2	Not specified	2	week	2	Not specified	https://www.hr.uillinois.edu/cms/One.aspx?portalId=4292&pageId=5628	Employees who resign employment before or at the expiration of the parental leave normally shall be required to reimburse the University for the cost of wages paid during the leave.	3/13/18
University of Iowa	Iowa	0	87.49	82	Midwest	0	0		0		0		0		https://opsmanual.uiowa.edu/human-resources/paid-absences#22.8	"Policy references birth mothers only: 'If an employee's accumulated sick leave is insufficient to cover the 6-week period of disability, the leave balance will be charged, at the employee's request, to vacation time, compensatory time, or a leave of absence without pay. '"	3/13/18
"University of Kansas, Lawrence"	Kansas	0	74.4	60	Midwest	0	0		0		0		0		http://policy.ku.edu/human-resources/family-medical-leave	"'During an employeeâs approved FMLA period, the employee is required to exhaust all paid leave balances before going onto FMLA leave without pay status.'"	3/13/18
University of Kentucky	Kentucky	0	123.11	115	South	0	0		0		0		0		https://www.uky.edu/hr/employee-relations/family-medical-leave/faqs-family-and-medical-leave	"'You are paid only if you have appropriate accrued temporary disability leave or vacation leave days. If not, the FML will be without pay.'"	3/13/18
"University of Louisiana, Lafayette"	"Louisiana, Lafayette"	0	100.62	91	South	0	0		0		0		0		https://academicaffairs.louisiana.edu/sites/academicaffairs/files/Section%20VI-Faculty%20Staff%20Benefits%281%29.pdf	FMLA	3/13/18
University of Louisville	Louisville	0	179.12	195	South	0	0		0		0		0		https://sharepoint.louisville.edu/sites/policies/library/SitePages/Human%20Resources/Family%20and%20Medical%20Leave%20Policy.aspx	Must use all accrued sick leave and then go on unpaid leave.	3/13/18
University of Maine	Maine	0	135.62	134	Northeast	0	0		0		0		0		http://www.maine.edu/about-the-system/system-office/human-resources/family-leave-policies/	Mothers are typically granted six weeks of disability leave following the birth of a child	3/13/18
University of Manitoba	Manitoba	0	129.12	125	Canada	1	NA		NA		NA		NA		Not publicly accessible	Could not find publicly-accessible documentation of the policy	3/13/18
"University of Maryland, Baltimore County"	"Maryland, Baltimore County"	0	134.13	132	South	0	8	week	8	Not specified	8	week	8	Not specified	http://www.umaryland.edu/academicaffairs/policies/parentalleave/	"Faculty must use all accrued leave, and the university will supplement their time up to the full 8 weeks."	3/13/18
"University of Maryland, College Park"	"Maryland, College Park"	0	28.65	26	South	0	8	week	8	Not specified	8	week	8	Not specified	http://www.umaryland.edu/academicaffairs/policies/parentalleave/	"Faculty must use all accrued leave, and the university will supplement their time up to the full 8 weeks."	3/13/18
"University of Massachusetts, Amherst"	UMass Amherst	0	26.95	24	Northeast	0	0		0		0		0		http://umassmsp.org/contract/	Part of collective bargaining agreement	3/13/18
"University of Massachusetts, Boston"	UMass Boston	0	143.2	148	Northeast	0	0		0		0		0		https://hr.umb.edu/benefits/medical-leave	From the leave request form: LEAVE WILL BE PAID ONLY IF EMPLOYEE HAS SUFFICIENT ACCRUALS TO COVER PART OR ALL OF ABSENCE.	3/13/18
"University of Massachusetts, Lowell"	UMass Lowell	0	151.46	160	Northeast	0	0		0		0		0		http://faculty.uml.edu/msp/contract/documents/contract2014/2014-Contract-Article-XX.pdf	"Faculty can take paid leave, using accrued sick leave or borrowing+paying it back later"	3/13/18
University of Memphis	Memphis	0	137.66	137	South	0	6	week	6	Other	6	week	6	Other	https://umwa.memphis.edu/umpolicies/UM1853.htm	"Wording is confusing regarding modified duties, though relief seems to be from all duties."	3/13/18
University of Miami	Miami	1	120.24	113	South	1	NA		NA		NA		NA		https://my.hr.miami.edu/benefits-and-wellness/work-life/paid-parental-leave/index.html	"Link implies some paid relief, but we can't access it"	3/13/18
University of Michigan	Michigan	0	29.37	27	Midwest	0	1	term	16	Other	1	term	16	Other	http://spg.umich.edu/policy/201.93	Relief is from 'at least' teaching.	3/12/18
"University of Minnesota, Minneapolis"	Minnesota	0	38.94	35	Midwest	0	6	week	6	Not specified	2	week	2	Not specified	https://policy.umn.edu/hr/parentalleave	.	3/12/18
University of Mississippi	Mississippi	0	165.5	179	South	0	0		0		0		0		https://policies.olemiss.edu/ShowDetails.jsp?istatPara=1&policyObjidPara=10659147	"FMLA for faculty; graduate students have a separate policy, though: https://gradschool.wp.olemiss.edu/wp-content/uploads/sites/36/2015/04/Parental-Leave-Policy.pdf"	3/12/18
"University of Missouri, Columbia"	"Missouri, Columbia"	0	139.45	141	Midwest	0	0		0		0		0		https://www.umsystem.edu/ums/rules/collected_rules/personnel/ch340/340.070_faculty_leave	FMLA	3/12/18
"University of Missouri, Kansas City"	"Missouri, Kansas City"	0	138.72	140	Midwest	0	0		0		0		0		https://www.umsystem.edu/ums/rules/collected_rules/personnel/ch340/340.070_faculty_leave	FMLA	3/12/18
University of Montreal	Montreal 	0	78.54	64	Canada	1	NA		NA		NA		NA		Not publicly accessible	.	
"University of Nebraska, Lincoln"	"Nebraska, Lincoln"	0	130.66	127	Midwest	0	0		0		0		0		https://hr.unl.edu/policies/parental-leave/	FMLA; leave is deducted from sick leave.	3/12/18
"University of Nebraska, Omaha"	"Nebraska, Omaha"	0	179.97	196	Midwest	0	0		0		0		0		https://www.unomaha.edu/human-resources/benefits/family-medical-leave.php	6-8 weeks of paid sick leave for recovering mothers.	3/12/18
"University of Nevada, Las Vegas"	"Nevada, Las Vegas"	0	171.62	186	West	0	0		0		0		0		https://www.unlv.edu/hr/benefits/leave/fmla	FMLA	3/12/18
"University of Nevada, Reno"	"Nevada, Reno"	0	182.47	202	West	0	0		0		0		0		https://www.unr.edu/Documents/administration-finance/hr/hr-leave/ParentalLeavePractice.pdf	FMLA	3/12/18
University of New Brunswick	New Brunswick	0	158.12	171	Canada	0	37	week	37	Not specified	37	week	37	Not specified	http://www.unb.ca/hr/_resources/policies/parental.pdf	37 weeks at 95% pay	3/12/18
University of New Hampshire	New Hampshire	0	156.98	169	Northeast	0	12	week	12	Not specified	12	week	12	Not specified	https://www.unh.edu/provost/section-3-faculty-employment-policies	.	3/12/18
University of New Mexico	New Mexico	0	81.65	72	West	0	1	term	16	Just teaching	1	term	16	Just teaching	https://handbook.unm.edu/policies/section-c/leave-absence/c215.html	"Primary or coequal care-giver. Research and advising are expected to continue during parental leave, though not during 'any period of medically required leave.'"	3/12/18
"University of North Carolina, Chapel Hill"	"North Carolina, Chapel Hill"	0	29.55	28	South	0	1	term	16	Not specified	1	term	16	Not specified	https://academicpersonnel.unc.edu/faculty-policies-procedures-guidelines/leave/faculty-serious-illness-major-disability-and-parental-leave-policy/	Primary care-giver. 1 semester for those with teaching responsibilities. 15 weeks for individuals without teaching responsibilities.	3/12/18
"University of North Carolina, Charlotte"	"North Carolina, Charlotte"	0	152.67	162	South	0	0		0		0		0		https://hr.uncc.edu/pims/leave-without-pay	.	3/12/18
"University of North Texas, Denton"	North Texas	0	186.84	204	South	0	0		0		0		0		https://policy.unt.edu/sites/default/files/05.061_ParentalLeave_2005.pdf	Must use all available sick leave	3/12/18
University of Notre Dame	Notre Dame	1	98.8	88	Midwest	0	1	term	15	Just teaching	0	week	0		https://facultyhandbook.nd.edu/university-policies/fmla/	.	4/12/18
University of Oklahoma	Oklahoma	0	116.24	109	South	0	0		0		0		0		https://hr.ou.edu/Employees/Holidays-Time-Off-Leave/Family-Medical-Leave-FMLA#4605869-eligibility	FMLA	3/12/18
University of Oregon	Oregon	0	54.86	46	West	0	12	week	12	Not specified	12	week	12	Not specified	https://hr.uoregon.edu/hr-programs-services/employee-leaves/parental/represented-faculty/parental-leave-faq-represented	"Second six weeks are drawn from sick leave, which faculty are allowed to borrow from themselves in the event that they don't have enough built up in order to cover the six weeks outright"	3/12/18
University of Ottawa	Ottawa	0	107.42	98	Canada	0	18	week	18	Not specified	18	week	18	Not specified	https://hrdocrh.uottawa.ca/info/en-ca/apuo/leave-child-care.html	"Slight difference for birth mothers vs others, but the effect appears to be equivalent: 18 weeks paid leave (between university and employment insurance)"	3/13/18
University of Pennsylvania	Pennslyvania	1	15.31	12	Northeast	0	1	term	16	Just teaching	1	term	16	Just teaching	http://provost.upenn.edu/uploads/media_items/ii-e-4-faculty-parental-policy.original.pdf	"Primary caregiver of a child newly arrived in his/her home is entitled, without reduction in pay, to a reduction in teaching duties amounting to a fifty percent reduction in a given academic year."	4/12/18
University of Pittsburgh	Pittsburgh	0	46.81	43	Northeast	0	12	week	12	Not specified	4	week	4	Not specified	http://provost.pitt.edu/faculty/faculty-guidelines-and-processes/faculty-medical-and-family-leave-fmfl	4 weeks paid family leave; women get another 8 for a c-section and 6 for vaginal birth. I wrote 12 for women to indicate the maximum benefit.	3/13/18
University of Regina	Regina	0	130.03	126	Canada	0	50	week	50	Not specified	35	week	35	Not specified	https://www.uregina.ca/hr/faculty-staff/apt-staff/parental.html	.	3/13/18
University of Rhode Island	Rhode Island	0	126	120	Northeast	0	0		0		0		0		https://web.uri.edu/hr/personnel-policies/maternity-leave/	Full release while on unpaid leave	3/13/18
University of Rochester	Rochester	0	25.64	21	Northeast	0	8	week	8	Not specified	0		0		http://rochester.edu/working/work-life/FAQs.html	"NY State Law says: 8 weeks for a C-section, 6 weeks for a vaginal birth. "	3/13/18
University of Saskatchewan	Saskatchewan	0	130.86	128	Canada	0	35	week	35	Not specified	35	week	35	Not specified	http://www.usask.ca/vpfaculty/documents/2014%202017%20UofS%20USFA%20Collective%20Agreement%20Fully%20Executed1.pdf	.	3/13/18
University of South Carolina	South Carolina	0	113.75	107	South	0	1	term	16	All duties	1	term	16	Other	http://www.sc.edu/policies/ppm/acaf160.pdf	"Fathers can negotiate modified duties to replace onsite duties, i.e. you can stay home with the kids but you have to do other work. Negotiable and flexible. see page 2 of link."	3/13/18
University of South Florida	South Florida	0	111.94	104	South	0	1	term	16	Not specified	1	term	16	Not specified	http://www.usf.edu/hr/documents/benefits/attendance-leave/guide-employee.pdf	Only 1 parents may use paid leave per birth. Tenure clock + 1 year.	3/13/18
University of Southern California	USC	1	26.17	22	West	0	16	week	16	Not specified	6	week	6	Not specified	http://employees.usc.edu/new-baby/	Birth mother: 10 weeks from USC. Both: 6 weeks 'Paid Family Leave' from CA @ 55% pay; some depts fill in other 45%. 	3/13/18
University of Southern Mississippi	Southern Mississippi	0	169.02	182	South	0	0		0		0		0		https://www.usm.edu/sites/default/files/groups/employment-hr/pdf/employee_handbook_-_v6_01-01-2018.pdf	FMLA. See also:https://www.usm.edu/sites/default/files/groups/office-provost/pdf/2017_faculty_handbook_10-25-17.pdf	3/13/18
"University of Tennessee, Knoxville"	Tennessee	0	119.03	112	South	0	1	term	16	All duties	1	term	16	All duties	https://provost.utk.edu/family-leave/	.	3/13/18
"University of Texas, Arlington"	UT Arlington	0	106.62	97	South	0	0		0		0		0		https://www.uta.edu/policy/procedure/3-69	"12 weeks unpaid for those ineligible for FMLA. Also, If both parents work for the University, the total amount of leave cannot exceed 12 weeks."	2/26/18
"University of Texas, Austin"	UT Austin	0	19.44	17	South	0	0		0		0		0		https://policies.utexas.edu/policies/parental-leave	12 weeks unpaid for those ineligible for FMLA. Offers modified instructional duties that can assist new parents: https://policies.utexas.edu/policies/modified-instructional-duties.	4/17/18
"University of Texas, Dallas"	UT Dallas	0	125.87	119	South	0	0		0		0		0		http://www.utdallas.edu/hr/benefits/leave/	12 weeks unpaid for those ineligible for FMLA.	2/26/18
"University of Texas, El Paso"	UT El Paso	0	142.2	146	South	0	0		0		0		0		https://www.utep.edu/human-resources/services/benefits/leave-programs/index.html	12 weeks unpaid for those ineligible for FMLA.	2/26/18
"University of Texas, San Antonio"	UT San Antonio	0	133.22	130	South	0	0		0		0		0		http://www.utsa.edu/hop/chapter4/4-20.html#parental_leave_for_certian_employees	12 weeks unpaid for those ineligible for FMLA. The employee must utilize all available vacation and sick leave during this time.	2/26/18
University of Toledo	Toledo	0	156.35	167	Midwest	0	0		0		0		0		http://www.utoledo.edu/depts/hr/leaveofabsence.html	"5 days for spouses, charged to sick days: Employees may be granted up to five (5) days (charged to sick leave) as parental leave to care for the spouse or family following birth or of the placement of an adopted child with the family prior to utilizing compensatory time, personal time, vacation and unpaid leave. See also: http://www.utoledo.edu/policies/administration/humanresources/pdfs/3364_25_123.pdf"	2/26/18
University of Toronto	Toronto	0	24.79	20	Canada	0	30	week	30	Not specified	10	week	10	Not specified	http://www.provost.utoronto.ca/public/pdadc/pdadc0304/matleave.htm	 +1 year to tenure clock for women. 27 weeks paid for adoption plus 10 unpaid weeks.	2/26/18
University of Tulsa	Tulsa	1	164.68	178	South	0	0		0		0		0		https://utulsa.edu/about/working-at-tu/employee-benefits/	.	2/26/18
University of Utah	Utah	0	59.1	49	West	0	1	term	15	All duties	1	term	15	All duties	https://regulations.utah.edu/academics/6-315.php	"95% pay. Only 1 parents gets to use the benefit. Use this benefit at most twice. A faculty member with a one semester leave should generally teach one-half of a normal load, overall for an academic year. When the teaching load cannot be exactly halved, it is permissible to expect the faculty member to teach the larger portion. "	2/26/18
University of Victoria	Victoria	0	137.87	138	Canada	0	36	week	36	Not specified	36	week	36	Not specified	https://www.uvic.ca/hr/assets/docs/benefits/FacultyLibrarianMaternityParentalLeave.pdf	95% pay. Complicated: birth mothers get 15 weeks paid via Employment Insurance + 17 weeks paid via UVic Top Up Benefits. Co-parents can also get paid via these mechanisms but a TOTAL PER FAMILY of 35 weeks paid via Employment Insurance and 18 weeks via UVic Top Up Benefits are available. 	2/26/18
University of Virginia	Virginia	0	38.11	33	South	0	3	week	3	Not specified	3	week	3	Not specified	http://provost.virginia.edu/policies/planning-family-leave-guide-faculty-policies-university-virginia	Unspecified tenure clock stoppage. 9 additional weeks of unpaid leave BUT with university paying benefit premiums. Partial pay system to ease back in: http://uvapolicy.virginia.edu/policy/HRM-038#Family_Leave	2/26/18
University of Washington	Washington	0	11.06	9	West	0	0		0		0		0		http://ap.washington.edu/ahr/policies/leaves/family-and-medical-leaves/	Up to 6 months unpaid leave for women. 	2/26/18
University of Waterloo	Waterloo	0	67.81	54	Canada	0	23	week	23	Just teaching	23	week	23	Just teaching	https://uwaterloo.ca/secretariat/policies-procedures-guidelines/policy-14	1 year tenure clock stoppage. Canadian Employment Insurance + Top Up Model: 95% pay for 6 weeks for birth mothers + 17 weeks for either parent but {max 17 weeks split between both parents}. 55% salary coverage for a longer time. See linked table. See also: https://uwaterloo.ca/human-resources/support-employees/absences-work/pregnancy-parental-leave-benefit-summary-table	2/26/18
University of Western Ontario	Western Ontario	0	100.9	92	Canada	0	24	week	24	All duties	24	week	24	All duties	http://www.uwo.ca/facultyrelations/pdf/collective_agreements/faculty.pdf	Up to 24 weeks total between two university-employed parents. 1 year tenure clock stoppage.	2/26/18
"University of Wisconsin, Madison"	"Wisconsin, Madison"	0	14.12	11	Midwest	0	0		0		0		0		https://www.ohr.wisc.edu/polproced/fambroch.pdf	Use sick leave or vacation. Teaching modification is negotiated with department chair but is not relief; unsure if this is available for men due to strictly female pronouns in the examples. Bonus of 6 weeks to FMLA via WisconsinFMLA. 	2/26/18
"University of Wisconsin, Milwaukee"	"Wisconsin, Milwaukee"	0	102.07	95	Midwest	0	0		0		0		0		https://www.ohr.wisc.edu/polproced/UPPP/1602.htm	Bonus 6 weeks beyond FMLA via WisconsinFMLA http://uwm.edu/hr/home/resources/toolkits/fmla-toolkit/	2/26/18
University of Wyoming	Wyoming	0	144.8	149	West	0	0		0		0		0		http://www.uwyo.edu/hr/_files/docs/human-resources/employee-handbook.pdf	.	2/26/18
Utah State University	Utah State	0	173.75	189	West	0	1	term	16	Just teaching	1	term	16	Just teaching	https://www.usu.edu/policies/366/	Teaching relief is for 6 credit hours during the 1 semester after birth. One year tenure clock extension. Website policies are state '16-week semester'.	2/26/18
Vanderbilt University	Vanderbilt	1	92.5	85	South	0	2	week	2	Not specified	2	week	2	Not specified	https://hr.vanderbilt.edu/policies/ParentalLeave.php	.	2/26/18
Virginia Commonwealth University	Virginia Commonwealth	0	139.99	143	South	0	0		0		0		0		https://hr.vcu.edu/current-employees/leave/faculty-leave/	"Hard to say if the information is hiding elsewhere. Page mentioned birth in leave sharing and in FMLA sections, but nohwere else. "	2/26/18
Virginia Tech	Virginia Tech	0	112.4	105	South	0	10	day	2	Not specified	10	day	2	Not specified	https://www.hr.vt.edu/benefits/leave.html	Click 'Faculty Family leave' to reveal 	2/26/18
"Washington State University, Pullman"	Washington State	0	83.35	76	West	0	0		0		0		0		http://public.wsu.edu/~forms/HTML/BPPM/60_Personnel/60.56_Faculty_and_Administrative_Professional_Personnel_Leave.htm#parental	.	2/26/18
"Washington University, St. Louis"	Washington Univ.	1	46.4	42	Midwest	0	1	term	16	All duties	1	term	16	All duties	https://wustl.edu/about/compliance-policies/human-resource-policies/danforth-parental-leave/	One semester tenure clock stoppage.	2/26/18
Wayne State University	Wayne State	0	99.58	89	Midwest	0	0		0		0		0		http://hr.wayne.edu/tcw/loa-fmla/maternity-and-parental-leaves.pdf	.	2/26/18
Western Michigan University	Western Michigan	0	163.13	173	Midwest	0	0		0		0		0		https://wmich.edu/hr/handbook-leave	.	2/26/18
Worcester Polytechnic Institute	Worcester Poly. Inst.	1	140.75	144	Northeast	0	8	week	8	Not specified	0		0		https://web.wpi.edu/Images/CMS/HR2/benefits_policy_manual.pdf	.	2/26/18
Wright State University	Wright State	0	159.2	172	Midwest	0	6	week	6	Other	3	week	3	Other	https://www.wright.edu/human-resources/benefits/leave-programs/parental-leave	"1 semester of teaching relief, separate from the paid leave. See links. "	2/26/18
Yale University	Yale	1	9.98	8	Northeast	0	1	term	17	Just teaching	1	term	17	Just teaching	https://provost.yale.edu/sites/default/files/files/Faculty%20Handbook_11-1-16.pdf	1 semester teaching relief for TT faculty. 8 weeks of relief of research for Research Faculty. See Page 122. 1 year tenure clock extension per http://fassenate.yale.edu/sites/default/files/files/FAS%20Senate%20-%202016-03-10%20-%20Parental%20Policies.pdf	2/26/18
York University	York Univ.	0	145.24	150	Canada	0	17	week	17	All duties	17	week	17	All duties	https://www.yufa.ca/wp-content/uploads/2014/11/CA2012-2015.pdf	.	2/26/18
University of Massachusetts Dartmouth	UMass Dartmouth	0	1000	1000	Northeast	0	0		0		0		0		https://www.umassd.edu/policies/activepolicylist/humanresourcesandsafety/familyleavepolicy/	FMLA	4/17/18
